{
  "CatBoost": {
    "iterations": 600,
    "depth": 5,
    "learning_rate": 0.007627350864337546,
    "l2_leaf_reg": 1.6244386546814742,
    "random_strength": 1.123979073096971,
    "bagging_temperature": 0.661597408959324,
    "border_count": 128,
    "scale_pos_weight": 21.542822063502566
  },
  "LightGBM": {
    "n_estimators": 700,
    "learning_rate": 0.007049341128319186,
    "num_leaves": 27,
    "max_depth": 3,
    "min_child_samples": 66,
    "subsample": 0.6413250544975189,
    "colsample_bytree": 0.5278264385802731,
    "reg_alpha": 6.86150436864757e-07,
    "reg_lambda": 3.204577226342034e-06,
    "min_split_gain": 0.5423157935404381,
    "max_bin": 127,
    "scale_pos_weight": 107.97638705513306
  },
  "XGBoost": {
    "n_estimators": 1000,
    "max_depth": 9,
    "learning_rate": 0.06984055779921519,
    "min_child_weight": 19.862485637923665,
    "subsample": 0.6098239120489868,
    "colsample_bytree": 0.8392139373078994,
    "gamma": 1.45878981166922e-05,
    "reg_alpha": 2.4225065446734543e-07,
    "reg_lambda": 0.05693573157069866,
    "max_delta_step": 10,
    "scale_pos_weight": 17.50234707966415
  }
}