Model,PR_AUC,Fail_Recall,Fail_F1,Fail_F2_aux,Fail_Precision_aux,Accuracy_aux,Threshold,TP,FP,FN,TN,CV_PR_AUC,Threshold_Source
CatBoost,0.17110857955996606,0.2,0.11428571428571428,0.15384615384615385,0.08,0.9703065134099617,0.48357248991816154,2,23,8,1011,0.15647252413382695,stratified_oof_f2
XGBoost,0.0972909720968234,0.4,0.1509433962264151,0.24096385542168675,0.09302325581395349,0.9568965517241379,0.17116348445415497,4,39,6,995,0.14374430477713013,stratified_oof_f2
LightGBM,0.05357665794486366,0.4,0.0761904761904762,0.14814814814814814,0.042105263157894736,0.907088122605364,0.38661306345209867,4,91,6,943,0.10831341125246405,stratified_oof_f2
