Model,PR_AUC,Fail_Recall,Fail_F1,Fail_F2_aux,Fail_Precision_aux,Accuracy_aux,Threshold,TP,FP,FN,TN,Temporal_CV_PR_AUC,Threshold_Source
CatBoost,0.33281630106490945,0.2,0.2857142857142857,0.22727272727272727,0.5,0.9858223062381852,0.15158672749462643,3,3,12,1040,0.16044999784892952,time_aware_oof_f2
LightGBM,0.3576096302977438,0.5333333333333333,0.3404255319148936,0.43478260869565216,0.25,0.9706994328922496,0.0022713188018394113,8,24,7,1019,0.1051016340808444,time_aware_oof_f2
XGBoost,0.275546452390409,0.3333333333333333,0.18867924528301888,0.25510204081632654,0.13157894736842105,0.9593572778827977,0.0017541776178404689,5,33,10,1010,0.0650615576428101,time_aware_oof_f2
